id,name,industry,subclassification,leave_paid,leave_unpaid
28251,"Netflix","Technology","Consumer Internet",52,0
30029,"Bill and Melinda Gates Foundation","Philanthropy",,52,0
29730,"Automattic, Inc.","Technology","Consumer Internet",32,0
40815,"Organizer Inc.","Technology","Software",26,0
27229,"Adobe Systems","Technology","Software",26,6
21880,"Etsy","Technology","Consumer Internet",26,0
41282,"Worldpay","Technology","Payments",26,0
27524,"eBay Inc.","Technology","Consumer Internet",24,6
28918,"Motorola Mobility","Technology","Manufacturing",24,0
21883,"Spotify","Technology","Consumer Internet",24,0
36386,"Open Society Foundations","Philanthropy",,24,0
40008,"ZestFinance","Finance","Loans",24,0
21273,"Avaya","Technology","B2B Tech Services",22,0
27820,"Orrick, Herrington & Sutcliffe LLP","Law Firm",,22,0
28114,"FireEye Inc.","Technology","Security",22,0
27475,"Credit Suisse","Finance","Diversified",20,0
28003,"Twitter","Technology","Consumer Internet",20,0
30622,"Stonyfield Farm","Consumer Packaged Goods","Packaged Foods",20,0
38574,"Atlassian","Technology","Software",20,0
30130,"Yammer","Technology","Software",20,0
27079,"Microsoft","Technology","Software",20,0
27594,"Google","Technology","Consumer Internet",20,11
27452,"Cleary Gottlieb Steen & Hamilton LLP","Law Firm",,18,0
27453,"Clifford Chance LLP","Law Firm",,18,0
27711,"Linklaters LLP","Law Firm",,18,0
27468,"Cooley LLP","Law Firm",,18,0
27472,"Covington & Burling LLP","Law Firm",,18,0
27474,"Cravath, Swaine & Moore LLP","Law Firm",,18,0
27476,"Crowell & Moring","Law Firm",,18,0
27732,"Mayer Brown","Law Firm",,18,0
27223,"BakerHostetler LLP","Law Firm",,18,6
27487,"Davis Polk & Wardwell LLP","Law Firm",,18,7
29836,"Youtube","Technology","Consumer Internet",18,null
21386,"Mailchimp","Advertising",,18,0
27277,"Wilson Sonsini Goodrich & Rosati","Law Firm",,18,6
28314,"Paul Hastings","Law Firm",,18,null
27555,"Finnegan, Henderson, Farabow, Garrett & Dunner, LLP","Law Firm",,18,null
27565,"Foley & Lardner LLP","Law Firm",,18,null
29131,"Gunderson Dettmer","Law Firm",,18,null
27828,"Paul Weiss","Law Firm",,18,null
27319,"Akin Gump Strauss Hauer & Feld LLP","Law Firm",,18,null
27322,"Allen & Overy","Law Firm",,18,null
27834,"Perkins Coie","Law Firm",,18,null
27082,"Bloomberg","Information Services","Financial",18,2
27344,"Apple","Technology","Manufacturing",18,12
27348,"Arnold & Porter LLP","Law Firm",,18,6
27093,"WilmerHale","Law Firm",,18,null
27363,"Baker & McKenzie","Law Firm",,18,null
27620,"Hogan Lovells","Law Firm",,18,null
21856,"Squarespace","Technology","Consumer Internet",18,null
29718,"Williams & Connelly LLP","Law Firm",,18,null
27394,"Bracewell & Guiliani LLP","Law Firm",,18,null
30242,"Blizzard Entertainment Inc.","Technology","Gaming",18,4
27403,"Brown Rudnick LLP","Law Firm",,18,null
27407,"Cadwalader, Wickersham & Taft LLP","Law Firm",,18,null
27664,"Jenner & Block","Law Firm",,18,null
27409,"Cahill Gordon & Reindel LLP","Law Firm",,18,null
27921,"Sidley Austin LLP","Law Firm",,18,8
27669,"Jones Day","Law Firm",,18,9
27672,"JP Morgan Chase & Co","Finance","Diversified",18,7
30009,"McDermott Will & Emery","Law Firm",,18,null
27937,"Squire Patton Boggs","Law Firm",,18,null
35134,"Dechert LLP","Law Firm",,18,8
31039,"Pepper Hamilton","Law Firm",,18,null
27432,"Chadbourne & Parke LLP","Law Firm",,18,null
27690,"Kirkland & Ellis LLP","Law Firm",,18,null
27949,"Sullivan & Cromwell LLP","Law Firm",,18,null
30032,"Change.org","Technology","Consumer Internet",18,null
28218,"Reddit","Technology","Consumer Internet",17,null
27496,"Deutsche Bank","Finance","Diversified",17,null
27507,"DLA Piper","Law Firm",,17,null
27547,"Facebook","Technology","Consumer Internet",17,10
27641,"Instagram","Technology","Consumer Internet",17,null
21573,"optimizely","Technology","B2B Tech Services",17,null
28195,"Opower","Technology","Software",17,null
27710,"Linkedin","Technology","Consumer Internet",16,null
31836,"Blue State Digital","Advertising",,16,null
28228,"SunEdison","Natural Resources","Diversified Energy ",16,null
27974,"Goldman Sachs","Finance","Diversified",16,16
29544,"Media Math","Technology","B2B Tech Services",16,null
28237,"Airbnb, Inc.","Technology","Consumer Internet",16,null
28800,"kickstarter","Technology","Consumer Internet",16,null
27756,"Morgan Stanley","Finance","Diversified",16,null
28013,"United Nations","Government","International",16,null
29843,"marketo","Technology","Software",16,null
29852,"The Honest Company","Consumer Packaged Goods","Packaged Products",16,null
27265,"Zillow","Technology","Consumer Internet",16,null
27272,"Quinn Emanuel Urquhart & Sullivan, LLP","Law Firm",,16,null
28296,"Groupon","Technology","Consumer Internet",16,null
28043,"Wachtell, Lipton, Rosen & Katz","Law Firm",,16,null
36522,"Meetup Inc.","Technology","Consumer Internet",16,null
37045,"Accenture Technology Labs","Consulting Services",,16,null
39605,"Intact Financial Corporation","Insurance","Property & Casualty",16,36
30652,"Gamechanger","Technology","Consumer Internet",16,4
27552,"Fidelity Investments, Inc.","Finance","Asset Management",16,null
28612,"Reckitt Benckiser","Consumer Packaged Goods","Packaged Products",16,null
21443,"PayPal","Technology","Payments",16,0
27560,"Fish & Richardson","Law Firm",,16,null
27307,"Accenture","Consulting Services",,16,12
28075,"Yahoo!","Technology","Consumer Internet",16,0
28368,"github","Technology","Software",16,0
38608,"California Certified Organic Farmers","Nonprofit","Environmental Organization",16,0
27579,"Genentech","Healthcare","Biotechnology",16,null
27328,"Amazon","Technology","Consumer Internet",16,0
27844,"Pinterest","Technology","Consumer Internet",16,null
21809,"Square","Technology","Payments",16,null
30447," Applied Materials Inc","Technology","Manufacturing",16,null
27096,"Dropbox","Technology","Consumer Internet",16,null
29941,"Proofpoint","Technology","Security",16,null
27622,"Holland & Knight LLP","Law Firm",,16,null
27371,"Barclays Bank PLC","Finance","Diversified",16,null
29708,"Nature Conservancy","Nonprofit","Environmental Organization",16,null
30734,"Zendesk, Inc","Technology","Software",16,null
30229,"Blank Rome LLP","Law Firm",,16,4
27385,"Morgan Lewis & Bockius LLP","Law Firm",,16,null
27903,"SAP","Technology","Software",16,6
27393,"Boston Consulting Group","Consulting Services",,16,6
30755,"Chegg","Technology","Consumer Internet",16,null
27911,"Sedgwick LLP","Law Firm",,16,null
29479,"The Nation","Publishing",,16,null
21582,"korn ferry","Business Services","Staffing & Outsourcing ",16,null
28176,"Blackstone Group","Finance","Diversified",16,null
27666,"Johnson & Johnson","Pharmaceutical",,16,null
28181,"Vodafone Group PLC","Telecommunications",,16,null
27162,"L’Oreal Group","Cosmetics",,16,10
21617,"Palantir","Technology","Software",16,null
40009,"15Five","Technology","Software",16,null
27694,"KPMG","Consulting Services",,16,0
33875,"ustwo","Design ",,16,null
28598,"Maersk Group","Natural Resources","Oil & Gas",15,0
27097,"Sheppard, Mullin, Richter & Hampton LLP","Law Firm",,15,null
28235,"Box","Technology","Consumer Internet",14,null
28779,"Motley Fool","Technology","Consumer Internet",14,null
27737,"McKinsey & Company","Consulting Services",,14,5
27494,"Deloitte","Consulting Services",,14,4
28268,"Deloitte Tax LLP","Accounting Services",,14,4
28278,"Deloitte Consulting LLP","Consulting Services",,14,4
27773,"Nestle","Consumer Packaged Goods","Packaged Foods",14,null
27548,"Factset Research Systems","Information Services","Financial",14,4
33465,"Nestlé Purina PetCare Company","Consumer Packaged Goods","Packaged Products",14,null
28064,"Williams Sonoma","Retail","Furniture & Home Improvement",14,null
28322,"Mozilla","Technology","Software",14,null
30421,"Acumen","Nonprofit","Development",14,null
21820,"World Bank Group","Government","International",14,null
21829,"OnDeck ","Finance","Loans",14,0
27361,"Bain & Company","Consulting Services",,14,null
27368,"Bank of America Corporation","Finance","Diversified",14,14
21536,"Nvidia","Technology","Manufacturing",14,null
28174,"Schlumberger","Natural Resources","Oilfield Services",14,12
37675,"Bitovi","Technology","B2B Tech Services",14,0
35901,"Aberdeen Asset Management","Finance","Asset Management",14,null
27490,"Debevoise & Plimpton LLP","Law Firm",,13,null
21679,"Cloudera Inc.","Technology","Software",13,1
27516,"Duane Morris LLP","Law Firm",,13,null
27540,"EY","Consulting Services",,13,8
21423,"Fitbit Inc","Technology","Wearable",13,null
38092,"CitiMortgage","Finance","Loans",13,0
27606,"Hasbro Inc.","Consumer Packaged Goods","Toys & Baby Products",13,null
37407,"accenthealth","Media","Healthcare",13,null
28457,"OneMain Financial","Finance","Loans",13,0
27447,"Citigroup","Finance","Diversified",13,12
21633,"refinery29","Technology","Consumer Internet",12,null
36698,"LawInContext","Legal Services",,12,0
37979,"Lombard Odier","Finance","Asset Management",12,null
27455,"Coach","Retail","Shoes, Accessories and Apparel",12,null
37980,"Ask.com","Technology","Consumer Internet",12,null
21640,"270 Strategies","Consulting Services",,12,null
28509,"Knewton","Technology","Consumer Internet",12,null
27969,"The AES Corporation","Natural Resources","Electric Power Generation",12,null
31071,"VICE Media","Media","Entertainment",12,null
5199,"Stanford University","Educational Services","College & Universities",12,4
24448,"Kilpatrick Townsend & Stockton","Law Firm",,12,null
36448,"Ballard Spahr LLP","Law Firm",,12,null
27972,"The Estee Lauder Companies Inc.","Cosmetics",,12,null
27465,"ConocoPhillips","Natural Resources","Oil & Gas",12,2
33638,"Beaumont Health System","Healthcare","Hospitals & Clinics",12,0
41318,"Neo Technology","Technology","B2B Tech Services",12,null
30567,"Travelzoo","Technology","Consumer Internet",12,null
31079,"Madison Square Garden","Media","Entertainment",12,null
29800,"HubSpot, Inc.","Technology","Software",12,null
24461,"CNN","Media","News",12,null
27724,"Mars Incorporated","Consumer Packaged Goods","Packaged Foods",12,0
28236,"Akamai","Technology","B2B Tech Services",12,null
30569,"Gerson Lehrman","Information Services","Diversified",12,0
28238,"NetApp Inc","Technology","B2B Tech Services",12,null
27983,"Thomson Reuters","Information Services","Diversified",12,14
27216,"Tripadvisor","Technology","Consumer Internet",12,null
29807,"KBS+P","Advertising",,12,0
27987,"Time Inc.","Media","Diversified",12,5
40816,"San Francisco Department of Technology","Government","County",12,null
27480,"Cummins Inc.","Industrial","Equipment Manufacturing",12,null
29301,"Tory burch","Retail","Shoes, Accessories and Apparel",12,0
21667,"Johns Hopkins University","Educational Services","College & Universities",12,0
27481,"Curtis, Mallet-Prevost, Colt & Mosle LLP","Law Firm",,12,null
37495,"Boston Medical Center","Healthcare","Hospitals & Clinics",12,null
26953,"Morningstar","Information Services","Financial",12,null
31353,"Glassdoor","Technology","Consumer Internet",12,0
21671,"match.com","Technology","Consumer Internet",12,null
29306,"t-3","Advertising",,12,null
28254,"Mattel","Consumer Packaged Goods","Toys & Baby Products",12,null
29307,"GasPedal","Technology","Consumer Internet",12,null
30588,"Heidrick & Struggles","Consulting Services",,12,0
29311,"Concur Technologies","Technology","Software",12,null
21677,"Tableau Software","Technology","Software",12,null
33920,"Amundi","Finance","Asset Management",12,null
31106,"Husch Blackwell LLP","Law Firm",,12,null
31362,"Civis Analytics","Technology","B2B Tech Services",12,12
32644,"Cision","Technology","Software",12,null
28008,"UBS","Finance","Diversified",12,null
35205,"Advertising.com","Advertising",,12,null
30342,"general atomics","Defense & Space",,12,0
27755,"Moody's Corporation","Finance","Diversified",12,0
29832,"Ariba","Technology","Software",12,null
30345,"Washington Post","Media","News",12,null
34953,"BMW of North America, LLC","Automotive","Manufacturers",12,null
40842,"Glassbreakers","Technology","Consumer Internet",12,null
29580,"athenahealth","Technology","B2B Tech Services",12,null
36749,"Center for Diagnostic Imaging","Healthcare","Hospitals & Clinics",12,null
21694,"national geographic","Media","Diversified",12,null
30354,"Jawbone","Technology","Wearable",12,null
30610,"Acquia","Technology","Software",12,null
30100,"Adidas","Retail","Shoes, Accessories and Apparel",12,12
27512,"Dow Chemical","Natural Resources","Chemicals",12,8
28280,"Razorfish","Advertising",,12,null
30613,"Silicon Valley Bank","Finance","Diversified",12,null
37781,"Slack Technologies","Technology","Software",12,null
27513,"Dow Jones","Media","News",12,null
34710,"2k Games","Technology","Gaming",12,4
21707,"finacial times","Media","News",12,null
27771,"NBC","Media","Diversified",12,0
28028,"Valero Energy Corporation","Natural Resources","Oil & Gas",12,null
21709,"AVery Dennison","Packaging",,12,0
27520,"Dykema Gossett PLLC","Law Firm",,12,null
31133,"Western Union","Finance","Credit & Fund Services",12,12
29854,"Care.com","Technology","Consumer Internet",12,null
28034,"Vinson & Elkins","Law Firm",,12,12
28832,"The Broad Institute","Nonprofit","Research",12,4
34464,"Abt Associates","Consulting Services",,12,0
21394,"Pandora","Technology","Consumer Internet",12,null
28297,"T. Rowe Price","Finance","Asset Management",12,null
34984,"Appriss","Technology","B2B Tech Services",12,null
27788,"New York Stock Exchange","Information Services","Financial",12,12
27789,"New York Times","Media","News",12,null
30123,"Asana","Technology","Software",12,4
28304,"Harvard Business School","Educational Services","College & Universities",12,12
30125,"Geller & Company","Finance","Diversified",12,0
21409,"Pernod Ricard","Consumer Packaged Goods","Beverages",12,null
27538,"Epstein Becker Green","Law Firm",,12,null
27795,"Nielsen Holdings N.V.","Information Services","Diversified",12,26
21413,"United States Army","Government","Federal",12,6
28308,"E&J Gallo Winery","Consumer Packaged Goods","Beverages",12,4
30388,"Russell Investments","Finance","Asset Management",12,null
37046,"BI WORLDWIDE","Advertising",,12,null
37815,"Wolff Olins","Advertising",,12,null
37562,"Synergis","Business Services","Staffing & Outsourcing",12,null
27550,"Fannie Mae","Finance","Personal & Commercial Banking",12,12
29374,"Forever 21","Retail","Shoes, Accessories and Apparel",12,6
34750,"Jockey International, Inc.","Retail","Shoes, Accessories and Apparel",12,null
29121,"Drinker Biddle & Reath","Law Firm",,12,null
30146,"renovate america","Finance","Loans",12,null
21441,"printpack","Packaging",,12,null
40389,"Technomic Inc.","Consulting Services",,12,null
27817,"Oppenheimer Holdings","Finance","Diversified",12,0
27562,"Fitzpatrick, Cella, Harper & Scinto","Law Firm",,12,null
30151,"Kyruus","Technology","B2B Tech Services",12,null
30919,"Federal Management Partners (FMP), Inc.","Consulting Services",,12,4
31434,"Vox Media","Media","Diversified ",12,0
40651,"Feeding America","Nonprofit","Civic & Social",12,4
27567,"Fortress Investment Group","Finance","Asset Management",12,null
30156,"Fortune Magazine","Media","News",12,null
21454,"Putnam Investments","Finance","Asset Management",12,1
21779,"Vertex Pharmaceuticals","Pharmaceutical",,12,null
27825,"Parker-Hannifin Corporation","Technology","Manufacturing",12,12
30415,"Mattermark","Technology","B2B Tech Services",12,null
27832,"Perdue Farms","Consumer Packaged Goods","Packaged Foods",12,null
27323,"AllianceBernstein LP","Finance","Asset Management",12,null
27835,"Perry Capital","Finance","Asset Management",12,null
30424,"Ambac","Insurance","Diversified",12,null
32985,"One Acre Fund","Nonprofit","Development",12,null
27326,"Alston & Bird LLP","Law Firm",,12,null
28891,"Lyft","Technology","Consumer Internet",12,null
28380,"genetech","Healthcare","Biotechnology",12,null
42207,"Zuora","Information Services","Technology",12,null
27331,"American Express Company","Finance","Credit & Fund Services",12,4
27587,"Gibbons PC","Law Firm",,12,null
27843,"Pillsbury Winthrop Shaw Pittman LLP","Law Firm",,12,null
27332,"American International Group","Insurance","Property & Casualty",12,null
34789,"International Rescue Committee","Nonprofit","Humanitarian Aid Organization",12,0
30438,"Allergan","Pharmaceutical",,12,null
27595,"Grant Thornton","Accounting Services",,12,null
27596,"Greenberg Traurig LLP","Law Firm",,12,null
27085,"PricewaterhouseCoopers","Consulting Services",,12,7
28400,"ETS","Educational Services","Management",12,null
30193,"Fountain Valley Regional Hospital","Healthcare","Hospitals & Clinics",12,0
35569,"Blackbaud","Technology","Software",12,null
28117,"Association of Equipment Manufacturers","Industrial","Equipment Manufacturing",12,null
29938,"Institute of International Education","Nonprofit","Education",12,null
32755,"Pegasystems Inc.","Technology","Software",12,null
27607,"Haynes and Boone, LLP","Law Firm",,12,0
28124,"Expedia Inc.","Technology","Consumer Internet",12,6
28409,"Protiviti","Consulting Services",,12,0
31739,"Madison International Realty","Real Estate","Investment Trust",12,0
34299,"Rackspace Inc.","Technology","B2B Tech Services",12,null
31228,"Butzel Long","Law Firm",,12,null
21524,"zenefits","Technology","B2B Tech Services ",12,null
27362,"Bain Capital","Finance","Asset Management",12,null
27875,"Reed Smith LLP","Law Firm",,12,null
27364,"Baker Botts LLP","Law Firm",,12,12
21847,"The Wall Street Journal","Media","News",12,null
29701,"Sapient Corporation","Consulting Services",,12,null
27369,"BNY Mellon","Finance","Asset Management",12,8
30726,"Robins Kaplan Miller & Ciresi","Law Firm",,12,null
27627,"HSBC","Finance","Diversified",12,null
32776,"Capco","Consulting Services",,12,null
35593,"Bravo TV","Media","Television",12,0
21854,"Foley Hoag","Law Firm",,12,null
28141,"Rally Software","Technology","Software",12,null
34570,"Akerman LLP","Law Firm",,12,null
30219,"Braintree","Technology","Payments",12,0
36364,"Barnes & Thornburg","Law Firm",,12,null
27376,"BB&T Corporation","Finance","Diversified",12,null
30221,"Capital One 360","Finance","Diversified",12,4
27633,"IBM","Technology","Manufacturing",12,6
30480,"Steptoe & Johnson PLLC","Law Firm",,12,null
36624,"Khan Academy","Educational Services","E-Learning",12,null
29970,"Thompson Coburn","Law Firm",,12,null
27127,"News Corp.","Media","News",12,null
39956,"Olark","Technology","B2B Tech Services",12,null
33301,"American College of Obstetricians and Gynecologists","Nonprofit","Medical",12,12
30486,"LexisNexis","Information Services","Diversified",12,null
30743,"connections education","Educational Services","E-Learning",12,1
27387,"BlackRock, Inc.","Finance","Asset Management",12,null
27899,"Salesforce","Technology","Software",12,8
29720,"Cars.com","Automotive","Dealers",12,2
36120,"Uptake","Technology","Software",12,null
36888,"Baker Tilly","Accounting Services",,12,null
28697,"Mac Cosmetics","Cosmetics",,12,null
27390,"BNP Paribas","Finance","Diversified",12,null
29980,"Advanced micro devices","Technology","Manufacturing",12,null
27904,"SAS Institute","Technology","Software",12,null
21566,"kCura","Technology","Software",12,null
21876,"GCM Grosvenor","Finance","Asset Management",12,null
27906,"Scholastic","Publishing",,12,0
21879,"Coty, Inc.","Cosmetics",,12,0
29729,"LegalZoom","Legal Services",,12,null
31778,"Christie's","Fine Art Auctions",,12,0
32546,"BPCM","Public Relations",,12,6
29731,"Fennemore Craig","Law Firm",,12,null
31528,"American Jewish World Service","Nonprofit","Humanitarian Aid Organization",12,null
28173,"Oliver Wyman","Consulting Services",,12,12
27662,"Janus Capital Group","Finance","Asset Management",12,null
27663,"Jeffries & Company","Finance","Diversified",12,null
38957,"M&T Bank Corporation","Finance","Personal & Commercial Banking",12,null
27153,"Harvard University","Educational Services","College & Universities",12,1
30254,"Biogen","Healthcare","Biotechnology",12,null
28178,"Ryan LLC","Accounting Services",,12,null
28977,"Shire PLC","Healthcare","Biotechnology",12,0
21595,"InterActiveCorp","Technology","Consumer Internet",12,null
30772,"Laureate Education, Inc.","Educational Services","College & Universities",12,null
33077,"Pivotal Labs","Technology","Software",12,null
27673,"JW Marriott Resort & Spa","Hospitality","Hotels",12,null
35894,"Wikia","Media","Entertainment",12,null
27930,"Snell & Wilmer","Law Firm",,12,null
29240,"symetra","Insurance","Life",12,null
29496,"Buffer","Technology","B2B Tech Services",12,52
34360,"Applied Predictive Technologies","Technology","Software",12,null
28475,"Markit","Information Services","Financial",12,null
37691,"AppFog","Technology","B2B Tech Services",12,null
30016,"Analysis Group","Consulting Services",,12,null
29763,"spanx","Retail","Shoes, Accessories and Apparel",12,null
31045,"United States Navy","Government","Federal",12,12
30279,"Ancestry.com ","Technology","Consumer Internet",12,null
41287,"American Academy of Sleep Medicine","Nonprofit","Medical",12,null
21619,"North Highland","Consulting Services",,12,0
36937,"Achievement First","Educational Services","School",12,null
38986,"City of Ferndale, Michigan","Government","City",12,null
27438,"Choate Hall & Stewart","Law Firm",,12,null
30283,"Alvarez & Marsal","Consulting Services",,12,null
21623,"Gilt Groupe","Retail","Online",12,0
30541,"PAAMCO","Finance","Asset Management",12,null
30803,"J.Jill","Retail","Shoes, Accessories and Apparel",12,null
29268,"Dorsey & Whitney LLP","Law Firm",,12,12
33620,"Business Insider","Media","News",12,0
27979,"The Southern Company","Natural Resources","Electric Power Generation",11,6
11658,"Applied Research Associates","Industrial","Engineering",11,17
28001,"Turner Broadcasting","Media","Diversified",11,2
30626,"University of Southern California","Educational Services","College & Universities",11,6
28323,"mcgraw-hill education","Publishing",,11,1
28106,"LeClairRyan","Law Firm",,11,2
27636,"IDEO","Industrial","Architecture & Design",11,null
28208,"Uber","Technology","Consumer Internet",11,5
32597,"Duff & Phelps","Finance","Diversified",10,1
27707,"Liberty Interactive Corporation","Media","Diversified",10,null
28241,"Symantec","Technology","Software",10,null
27731,"Mastercard Incorporated","Finance","Credit & Fund Services",10,8
31098,"Forrester Research","Information Services","Technology",10,2
27745,"MetLife","Insurance","Life",10,null
28804,"sailthru","Technology","B2B Tech Services",10,null
40839,"500friends, a Merkle Company","Technology","B2B Tech Services",10,6
27499,"Diageo","Consumer Packaged Goods","Beverages",10,6
38026,"Saint Michael's College","Educational Services","College & Universities",10,2
27504,"Discovery Communications","Media","Diversified",10,6
27762,"MTV Networks","Media","Entertainment",10,null
27766,"NASDAQ","Information Services","Financial",10,null
28033,"Viacom Inc.","Media","Diversified",10,null
27270,"CA Technologies","Technology","Software",10,4
27535,"Enterprise Holdings","Transportation","Rental",10,2
28051,"Weight Watchers","Consumer Packaged Goods","Packaged Foods",10,2
37809,"Cornerstone Chemical Company","Natural Resources","Chemicals",10,2
27289,"ScottMadden, Inc.","Consulting Services",,10,null
32701,"Kiewit","Industrial","Construction Company",10,0
29904,"Everyday Health","Technology","Consumer Internet",10,null
29908,"CGI Group","Business Services","Technology Solutions",10,2
27581,"General Electric","Conglomerate",,10,2
38108,"Cartoon Network","Media","Television",10,2
27846,"Pitney Bowes","Business Services","Technology Solutions",10,null
27359,"Avon Products, Inc.","Cosmetics",,10,12
37373,"City of Saratoga, California","Government","City",10,10
27618,"Hilton Worldwide Holdings Inc.","Hospitality","Hotels",10,null
27888,"Roche Holding AG","Pharmaceutical",,10,7
32794,"CGI Interactive","Advertising",,10,2
21565,"Warner Brothers","Media","Entertainment",10,2
27400,"Broadridge Financial Solutions Group","Business Services","Technology Solutions",10,12
27415,"Capital One Financial Corporation","Finance","Diversified",10,4
27676,"Kaplan University","Educational Services","College & Universities",10,6
21606,"Electronic Arts","Technology","Gaming",10,6
27686,"Kimberly-Clark Corporation","Consumer Packaged Goods","Packaged Products",10,null
27177,"HBO (Home Box Office Inc.)","Media","Entertainment",10,null
37958,"Trulia","Technology","Consumer Internet",10,null
24423,"Merkle","Advertising",,10,6
27434,"Chesapeake Energy Corporation","Natural Resources","Oil & Gas",10,2
29518,"Virginia Tech","Educational Services","College & Universities",10,7
29280,"Mindshare Worldwide","Advertising",,9,null
27734,"McGraw-HIll Financial","Information Services","Financial",9,null
28255,"McMaster-Carr","Industrial","Other",9,12
28017,"United Technologies","Conglomerate",,9,16
27528,"Eli Lilly and Company","Pharmaceutical",,9,6
27554,"Fifth Third Bank","Finance","Personal & Commercial Banking",9,null
29120,"Cozen O'Connor","Law Firm",,9,6
27303,"A.T. Kearney","Consulting Services",,9,null
27818,"Oracle Corporation","Technology","Software",9,12
30665,"Cornerstone OnDemand","Technology","Software",9,5
27582,"General Mills, Inc.","Consumer Packaged Goods","Packaged Foods",9,null
27327,"Altria Group, Inc.","Consumer Packaged Goods","Tobacco",9,0
27335,"Amgen Inc.","Healthcare","Biotechnology",9,6
27081,"BP","Natural Resources","Oil & Gas",9,19
27339,"AOL","Technology","Consumer Internet",9,null
27860,"Prudential Financial, Inc.","Insurance","Life",9,20
27353,"AT&T","Telecommunications",,9,5
32246,"Sandoz","Pharmaceutical",,9,0
27377,"BDO International","Accounting Services",,9,null
28183,"GE Oil & Gas","Natural Resources","Oil & Gas",9,6
28186,"EnerNOC, Inc.","Technology","Software",9,null
27675,"Kaiser Permanente","Insurance","Health",9,0
27166,"McDonald's Corporation","Hospitality","Restaurants",9,null
36431,"Epsilon","Advertising",,9,3
27449,"City University of New York","Educational Services","College & Universities",8,4
28217,"Fox News Channel","Media","News",8,null
21634,"harper's bazaar","Publishing",,8,null
27966,"Texas Instruments Incorporated","Technology","Manufacturing",8,null
38491,"Scripps Networks Interactive","Media","Television",8,5
29282,"Cengage Learning","Educational Services","E-Learning",8,4
28231,"Monster","Technology","Consumer Internet",8,4
27720,"Marathon Oil Corporation","Natural Resources","Oil & Gas",8,4
36454,"Adventist Health System","Healthcare","Hospitals & Clinics",8,null
27981,"The Walt Disney Company","Media","Diversified",8,12
27728,"Marvel Entertainment","Media","Entertainment",8,null
29551,"Evolent Health","Healthcare","Services",8,4
29809,"Thompson, Siegel and Walmsley","Finance","Asset Management",8,0
27991,"TOMS","Retail","Shoes, Accessories and Apparel",8,null
27225,"Reebok International, Ltd.","Retail","Shoes, Accessories and Apparel",8,10
28249,"Rust-Oleum Corporation","Industrial","Building Materials Manufacturing",8,null
34168,"Rock Solid Technologies","Technology","Software",8,null
27743,"Mercer Consulting","Consulting Services",,8,null
21257,"Vmware","Technology","Software",8,4
27493,"Dell","Technology","Manufacturing",8,7
21260,"doordash","Technology","Consumer Internet",8,4
28007,"U.S. News & World Report","Media","News",8,null
28264,"Brand Networks","Advertising",,8,null
28265,"Data Communique","Technology","B2B Tech Services",8,12
27498,"DHL","Transportation","Couriers & Delivery",8,null
40843,"Rocana","Technology","Software",8,null
27760,"Mount Sinai Medical Center","Healthcare","Hospitals & Clinics",8,null
27256,"Pearson Education","Publishing",,8,3
27257,"Unilever","Consumer Packaged Goods","Packaged Products",8,8
27769,"Nationwide Mutual Insurance Co.","Insurance","Property & Casualty",8,4
27522,"E*Trade Financial Corporation","Finance","Diversified",8,null
27525,"Ecolab, Inc.","Conglomerate",,8,4
27782,"New York Life Insurance Company","Insurance","Life",8,22
31397,"Centro","Advertising",,8,null
27529,"EMC Corporation","Technology","Manufacturing",8,10
31145,"EverFi","Educational Services","E-Learning",8,4
29611,"United Way Worldwide","Nonprofit","Charity",8,4
28055,"Wells Fargo","Finance","Diversified",8,12
27295,"McAfee & Taft","Law Firm",,8,null
29376,"Wiley Publishing","Publishing",,8,12
34753,"Q2ebanking","Technology","Financial Services",8,4
36033,"BigCommerce","Technology","Software",8,null
21442,"sabra","Consumer Packaged Goods","Packaged Foods",8,null
27304,"Abbott Laboratories","Pharmaceutical",,8,12
27566,"Ford Motor","Automotive","Manufacturers",8,4
27311,"AECOM Technology Corporation","Industrial","Construction Company",8,null
21464,"Teach for America","Nonprofit","Education",8,null
30164,"Prometric Testing","Educational Services","Management",8,null
32214,"WIL Research","Pharmaceutical",,8,8
21471,"Georgetown University","Educational Services","College & Universities",8,4
29914,"datalogix","Technology","Software",8,4
31197,"PharMerica Corporation","Pharmaceutical",,8,3
32733,"Alice + Olivia","Retail","Shoes, Accessories and Apparel",8,null
27841,"Philip Morris International Inc.","Consumer Packaged Goods","Tobacco",8,null
21483,"Lincoln Laboratory","Nonprofit","Research",8,4
29921,"GE Capital","Finance","Diversified",8,null
21485,"MIT","Educational Services","College & Universities",8,8
30690,"Crescent City Schools","Educational Services","School",8,4
31204,"Myler Disability","Legal Services",,8,4
28390,"Frito-Lay","Consumer Packaged Goods","Packaged Foods",8,6
43238,"PPR Talent Management","N/A",,8,null
31207,"Slalom Consulting","Consulting Services",,8,4
27856,"Principal Financial Group","Finance","Asset Management",8,null
28118,"Abbott Nutrition","Pharmaceutical",,8,4
28123,"Wipro","Technology","B2B Tech Services",8,null
27612,"Hearst Corporation","Media","Diversified",8,null
29179,"Save-A-Lot","Retail","Supermarket Company",8,null
33275,"thoughtbot","Technology","B2B Tech Services",8,null
27616,"Aon Hewitt","Consulting Services",,8,8
27617,"Hewlett-Packard Company","Technology","Manufacturing",8,5
27877,"Regis Corp","Services","Salons & Spas",8,12
35331,"Avanade","Technology","B2B Tech Services",8,null
28420,"Valassis","Advertising",,8,4
29959,"Patagonia","Retail","Shoes, Accessories and Apparel",8,null
29448,"Southern Methodist University","Educational Services","College & Universities",8,4
30216,"Bose Corporation","Technology","Manufacturing",8,4
29194,"Kelly Services OCG","Consulting Services",,8,null
27886,"Robert Baird & Co.","Finance","Diversified",8,null
27375,"Bayer AG","Pharmaceutical",,8,9
29964,"audible","Technology","Manufacturing ",8,null
29200,"St. Edward's University","Educational Services","College & Universities",8,4
27386,"Birchbox","Technology","Consumer Internet",8,4
28695,"New Balance","Retail","Shoes, Accessories and Apparel",8,4
30231,"Blackboard Inc.","Technology","Software",8,null
27643,"Intel Corporation","Technology","Manufacturing",8,12
27398,"Bristol-Myers Squibb Company","Pharmaceutical",,8,null
27144,"U.S. Bank","Finance","Personal & Commercial Banking",8,12
21895,"dunnhumby","Advertising",,8,null
30766,"Newly Weds Foods","Consumer Packaged Goods","Packaged Foods",8,4
28467,"The Container Store","Retail","Furniture & Home Improvement",8,4
29236,"DreamHost","Technology","B2B Tech Services",8,null
30776,"Mother Jones","Publishing",,8,null
27420,"Caterpillar Inc.","Industrial","Equipment Manufacturing",8,6
27421,"CBS Corporation","Media","Diversified",8,null
27422,"CBS Interactive","Technology","Consumer Internet",8,null
27681,"Kellogg Company","Consumer Packaged Goods","Packaged Foods",8,null
38462,"Capstone Partners LLC","Finance","Diversified",8,1
27683,"Kelly Services","Business Services","Staffing & Outsourcing",8,4
27429,"CenturyLink, Inc.","Telecommunications",,8,null
29506,"Capella University","Educational Services","College & Universities",8,4
27944,"State Street Corporation","Finance","Diversified",8,null
27947,"Stryker Corporation","Healthcare","Medical Devices ",8,4
32590,"FM Global","Insurance","Property & Casualty",8,null
29263,"alnylam","Pharmaceutical",,8,4
39508,"The Aspen Institute","Nonprofit","Public Policy",8,4
29783,"OutboundEngine","Advertising",,7,4
30554,"Hall Capital Partners","Finance","Asset Management",7,7
27985,"TIAA-CREF","Finance","Asset Management",7,null
27733,"McGladrey","Accounting Services",,7,13
28015,"United Services Automobile Association","Finance","Diversified",7,5
21382,"Zynga","Technology","Gaming",7,12
27796,"Nike, Inc.","Retail","Shoes, Accessories and Apparel",7,12
27802,"Northern Trust","Finance","Diversified",7,null
27806,"Novo Nordisk","Pharmaceutical",,7,12
30425,"Zoetis","Healthcare","Animal Health",7,6
27340,"AON PLC","Insurance","Diversified",7,2
31242,"United States Chamber of Commerce","Nonprofit","Political Organization",7,null
32796,"CapTech Consulting","Technology","B2B Tech Services",7,5
27392,"Booz Allen Hamilton","Consulting Services",,7,38
30251,"AstraZeneca","Pharmaceutical",,7,26
29488,"CoverednFab","Retail","Shoes, Accessories and Apparel",7,2
29748,"The Advisory Board Company","Consulting Services",,7,8
27934,"Southwest Airlines Co.","Transportation","Passenger Air",7,null
27179,"PNC Financial Services Group, Inc.","Finance","Personal & Commercial Banking",7,13
27440,"FCA US LLC","Automotive","Manufacturers",7,null
33104,"Olympus Corporation","Healthcare","Medical Devices",7,null
27957,"T-Mobile","Telecommunications",,7,12
30293,"BMC Software Inc.","Technology","Software",6,null
32854,"Rockwell Automation","Industrial","Equipment Manufacturing",6,6
27706,"Lexmark International","Technology","Manufacturing",6,6
30552,"ONEOK","Natural Resources","Oil & Gas",6,6
30297,"Alameda County, California","Government","State",6,null
27709,"Lincoln National Corporation","Finance","Asset Management",6,6
30810,"Yazaki North America","Automotive","Parts Manufacturing",6,6
35419,"Bechtel","Industrial","Construction Company",6,6
30045,"Scottrade","Finance","Asset Management",6,6
27457,"Colgate-Palmolive Company","Consumer Packaged Goods","Packaged Products",6,9
27713,"Lockheed Martin Corporation","Aerospace",,6,6
30046,"TD Ameritrade","Finance","Diversified",6,12
32351,"Children's National Medical Center","Healthcare","Hospitals & Clinics",6,16
27459,"Columbia University","Educational Services","College & Universities",6,6
27971,"The Coca-Cola Company","Consumer Packaged Goods","Beverages",6,12
31072,"University of Pittsburgh Medical Center","Healthcare","Hospitals & Clinics",6,6
30308,"Carestream","Healthcare","Services",6,null
30053,"FSG","Consulting Services",,6,18
30309,"Abbott Vascular","Healthcare","Medical Devices ",6,12
29798,"Invesco","Finance","Asset Management",6,6
42086,"Carlson Capital, LP","Finance","Asset Management",6,6
27978,"The Sherwin-Williams Company","Industrial","Building Materials Manufacturing",6,null
27980,"The TJX Companies, Inc.","Retail","Department Store",6,6
28521,"CBRE Group, Inc","Real Estate","Development & Management",6,null
30313,"AbbVie Inc.","Pharmaceutical",,6,6
26936,"humanscale","Industrial","Appliances & Furniture",6,6
29290,"XO Group Inc","Media","Magazines",6,12
30570,"Vanderbilt University","Educational Services","College & Universities",6,6
27726,"Marshalls","Retail","Department Store",6,null
30061,"Windstream Communications","Telecommunications",,6,null
21659,"GlobalFoundries","Technology","Manufacturing ",6,6
31598,"University of California, San Diego","Educational Services","College & Universities",6,null
26943,"Sierra Club","Nonprofit","Environmental Organization",6,6
28243,"Sephora","Cosmetics",,6,6
27988,"Time Warner Cable Inc.","Telecommunications",,6,6
27989,"Time Warner Inc.","Media","Diversified",6,4
28786,"Raining Rose","Cosmetics",,6,null
29554,"The Wonderful Company","Consumer Packaged Goods","Packaged Foods",6,null
40818,"Scoutmob","Technology","Consumer Internet",6,null
30067,"Lionsgate","Media","Entertainment",6,null
13197,"AP Staffing","Business Services","Staffing & Outsourcing",6,6
26951,"Quest Diagnostics","Healthcare","Laboratory Testing",6,null
29558,"Columbia University Medical Center","Healthcare","Hospitals & Clinics",6,6
29303,"Vineyard Vines","Retail","Shoes, Accessories and Apparel",6,null
27739,"Medtronic, Inc.","Healthcare","Medical Devices",6,12
27996,"Travelers Companies","Insurance","Property & Casualty",6,null
36985,"AdvantageCare Physicians","Healthcare","Hospitals & Clinics",6,null
27742,"Mercedes Benz","Automotive","Manufacturers",6,46
31356,"Frog Design Inc","Design",,6,6
27744,"Merck & Co., Inc.","Pharmaceutical",,6,18
34942,"Answers Corporation","Technology","Consumer Internet",6,6
28002,"Twenty-First Century Fox, Inc.","Media","Diversified",6,null
27491,"Deere & Company","Industrial","Equipment Manufacturing",6,6
31105,"Ipsos","Advertising","Market Research",6,6
29314,"Evergreen Healthcare","Healthcare","Hospitals & Clinics",6,6
30338,"St. Bonaventure University","Educational Services","College & Universities",6,6
32131,"University of Arizona","Educational Services","College & Universities",6,12
28263,"LenderLive Network","Finance","Credit & Fund Services",6,3
29316,"Penn State University","Educational Services","College & Universities",6,6
27752,"Mondelez International, Inc.","Consumer Packaged Goods","Packaged Foods",6,null
27753,"Monsanto Company","Natural Resources","Agrochemical",6,null
30854,"Rush University Medical Center","Healthcare","Hospitals & Clinics",6,6
40838,"Management Concepts","Educational Services","Professional Training",6,null
21295,"Hines","Real Estate","Development & Management",6,6
28010,"Union Pacific Corporation","Transportation","Rail",6,12
31112,"Highmark Inc.","Insurance","Health",6,6
28012,"UnitedHealth Group","Insurance","Health",6,6
40841,"Motivate","Technology","Financial Services",6,null
32651,"American Automobile Association","Nonprofit","Trade Organization",6,6
27503,"Discover Financial Services","Finance","Credit & Fund Services",6,6
27759,"Motorola Solutions, Inc.","Telecommunications",,6,null
30604,"University of Notre Dame","Educational Services","College & Universities",6,null
28016,"United States Steel Corporation","Natural Resources","Metals & Mining",6,null
30350,"Dick's Sporting Goods","Retail","Shoes, Accessories and Apparel",6,6
30863,"Takeda","Pharmaceutical",,6,6
28279,"eshots","Advertising",,6,6
38548,"Allscripts","Technology","Software",6,null
30869,"Bottle Rocket LLC","Technology","Software",6,6
33686,"American Society for the Prevention of Cruelty to Animals","Nonprofit","Animal Welfare",6,6
28027,"Valeant","Pharmaceutical",,6,6
28283,"Creganna Medical","Healthcare","Medical Devices ",6,6
27772,"Neiman Marcus","Retail","Department Store",6,9
28284,"Liberty Property Trust","Real Estate","Investment Trust",6,6
32666,"Michaels","Retail","Crafts, Fabrics & Party Supplies",6,6
33690,"Johns Hopkins University Applied Physics Laboratory","Educational Services","College & Universities",6,12
27774,"Net-A-Porter","Retail","Online",6,null
30107,"Ogilvy PR","Public Relations",,6,6
27775,"ICE Futures US","Government","State",6,null
28031,"Veolia","Environmental Services",,6,null
27521,"DuPont","Natural Resources","Chemicals",6,18
28289,"St. Jude Children's Research Hospital","Healthcare","Hospitals & Clinics",6,6
28035,"Visa Inc.","Finance","Credit & Fund Services",6,6
30112,"neo@ogilvy","Advertising",,6,null
33440,"Gateway Media","Technology","Consumer Internet",6,null
36768,"Anheuser-Busch InBev","Consumer Packaged Goods","Beverages",6,null
21392,"Pharmaceutical Product Development","Pharmaceutical",,6,null
28295,"Kaplan Test Prep","Educational Services","Management",6,null
29348,"Farmers Insurance","Insurance","Property & Casualty",6,6
29861,"Sandia National Labs","Government","Contractor",6,6
31141,"Fleishman-Hillard Inc.","Public Relations",,6,6
21730,"Sugarcrm","Technology","Software",6,null
27531,"Emerson Electric Co.","Industrial","Materials",6,12
29352,"QBE Insurance","Insurance","Property & Casualty",6,null
28045,"Walgreens","Pharmacies & Drug Stores",,6,6
29098,"Sony Pictures Entertainment","Arts & Entertainment",,6,6
27278,"Swiss Re","Insurance","Reinsurance",6,6
27790,"New York University","Educational Services","College & Universities",6,6
28587,"GoDaddy","Technology","Consumer Internet",6,6
35499,"American Association of Retired Persons","Nonprofit","Interest Group",6,6
27279,"Yelp","Technology","Consumer Internet",6,6
27791,"New York-Presbyterian Hospital","Healthcare","Hospitals & Clinics",6,12
38060,"ContextMedia Inc.","Media","Healthcare",6,null
27792,"Newell Rubbermaid","Consumer Packaged Goods","Packaged Products",6,6
28049,"Waste Management, Inc.","Services","Waste Management",6,12
32943,"G2 Web Services, LLC","Technology","B2B Tech Services",6,null
28053,"WellCare Health Plans, Inc.","Insurance","Health",6,6
30642,"Burson-Marsteller","Public Relations",,6,null
27542,"Exelon Corporation","Natural Resources","Electric Power Generation",6,6
28054,"Anthem, Inc.","Insurance","Health",6,6
28310,"Garmin","Technology","Manufacturing",6,6
31155,"Dentsply International","Healthcare","Medical Devices ",6,6
27019,"Mccormick","Consumer Packaged Goods","Packaged Foods ",6,null
29620,"George Washington University","Educational Services","College & Universities",6,6
27545,"Exxon Mobil","Natural Resources","Oil & Gas",6,22
28313,"march of dimes","Nonprofit","Healthcare",6,18
28599,"SalonCentric","Wholesale",,6,null
28059,"Whirlpool Corporation","Industrial","Appliances & Furniture",6,null
39353,"CUNA Mutual Group","Insurance","Diversified",6,6
27805,"Novartis","Pharmaceutical",,6,6
27807,"NRG Energy, Inc.","Natural Resources","Diversified Energy",6,6
29372,"Aldi's","Retail","Discount Store",6,6
27811,"Occidental Petroleum Corporation","Natural Resources","Oil & Gas",6,6
28068,"Wolters Kluwer","Information Services","Diversified",6,6
27039,"Redfin","Real Estate","Brokers",6,10
27301,"3M","Industrial","Diversified",6,12
27557,"First Horizon National","Finance","Diversified",6,4
29378,"CWCapital","Real Estate","Investment Trust",6,6
32450,"Cardinal Solutions","Technology","B2B Tech Services",6,6
30405,"Expeditors International","Transportation","Freight & Logistics",6,6
38085,"American Academy Of Pediatrics","Nonprofit","Medical ",6,10
27305,"Abercrombie & Fitch","Retail","Shoes, Accessories and Apparel",6,6
27561,"Fitch Ratings","Information Services","Financial",6,6
29894,"Cadillac","Automotive","Manufacturers",6,6
28616,"Dillard's","Retail","Department Store",6,6
27309,"ADP, LLC","Business Services","Staffing & Outsourcing",6,12
30154,"Pew Charitable Trusts","Philanthropy",,6,6
27312,"Aetna Inc.","Insurance","Health",6,13
30670,"Eaton Corporation","Industrial","Diversified",6,6
27570,"Freddie Mac","Finance","Personal & Commercial Banking",6,12
30159,"Smucker's","Consumer Packaged Goods","Packaged Foods",6,6
28083,"BASF","Natural Resources","Chemicals",6,null
29649,"Public Broadcasting Service","Media","Television",6,null
29651,"Aurora Health Care","Healthcare","Hospitals & Clinics",6,6
27831,"PepsiCo","Consumer Packaged Goods","Beverages",6,6
29140,"John Hancock","Insurance","Life",6,12
38612,"Trey Resources, Inc.","Natural Resources","Oil & Gas",6,6
30422,"MediaCom","Advertising",,6,null
29656,"kaplan international","Educational Services","Management",6,6
27324,"Allianz SE","Finance","Diversified",6,null
27580,"General Dynamics","Defense & Space",,6,null
38873,"CMFG Life Insurance Company","Insurance","Life",6,6
30426,"Great American Insurance Group","Insurance","Property & Casualty",6,null
30427,"Genesco","Retail","Shoes, Accessories and Apparel",6,null
31195,"Chemonics","Consulting Services",,6,6
27583,"General Motors","Automotive","Manufacturers",6,6
27839,"Pfizer","Pharmaceutical",,6,24
37341,"Bremer Bank, N.A.","Finance","Diversified",6,6
27586,"Georgia Pacific","Consumer Packaged Goods","Packaged Products",6,null
27842,"Phillips 66","Natural Resources","Oil & Gas",6,null
28384,"Petsmart","Retail","General Merchandise",6,6
29152,"Loyola University Chicago","Educational Services","College & Universities",6,6
27589,"Glaxosmithkline","Pharmaceutical",,6,6
29922,"Emerald Expositions","Business Services","Food & Hospitality",6,6
27078,"Asurion","Telecommunications",,6,null
27334,"AmerisourceBergen","Pharmaceutical",,6,null
29411,"Bath & Body Works, LLC","Cosmetics",,6,null
30435,"Allegion PLC","Technology","Security",6,6
28645,"St. Luke's Hospital","Healthcare","Hospitals & Clinics",6,6
29925,"Intuit Inc","Technology","Software",6,null
27338,"ANN Inc.","Retail","Shoes, Accessories and Apparel",6,6
30951,"Wellesley College","Educational Services","College & Universities",6,6
27083,"Cargill","Natural Resources","Agriculture and Food Processing",6,6
29928,"The Wharton School of the University of Pennsylvania","Educational Services","College & Universities",6,6
29418,"hautelook","Retail","Online",6,6
31469,"Sungard Availability Services","Technology","B2B Tech Services ",6,6
27345,"Aramark Holdings Corporation","Business Services","Food & Hospitality",6,0
27857,"Procter & Gamble","Consumer Packaged Goods","Packaged Products",6,46
28654,"Lubrizol","Natural Resources","Chemicals",6,null
29678,"Waffle House","Hospitality","Restaurants",6,6
31215,"Dartmouth College","Educational Services","College & Universities",6,6
27347,"Archer Daniels Midland","Natural Resources","Agriculture and Food Processing",6,null
27603,"Halliburton","Natural Resources","Oilfield Services",6,null
27605,"Hartford Financial Services Group","Insurance","Property & Casualty",6,6
28402,"GDIT","Technology","B2B Tech Services",6,6
30194,"MedRisk ","Insurance","Diversified",6,6
30706,"Northwestern Memorial Hospital","Healthcare","Hospitals & Clinics",6,6
30962,"Loyola University Health System","Healthcare","Hospitals & Clinics",6,6
29940,"USAA","Insurance","Diversified",6,6
27352,"Assurant, Inc.","Insurance","Property & Casualty",6,1
27868,"Quest","Industrial","Engineering",6,null
28410,"The MITRE Corporation","Nonprofit","Research",6,6
30202,"Carolinas HealthCare System","Healthcare","Hospitals & Clinics",6,null
27358,"Avnet, Inc.","Electronics","Wholesaler",6,null
30971,"Lewis Brisbois Bisgaard & Smith LLP","Law Firm",,6,null
27360,"BAE Systems","Defense & Space",,6,6
30205,"Burger King","Hospitality","Restaurants",6,10
29438,"Fry's Food & Drug Stores","Retail","Supermarket Company",6,6
38398,"California Air Resources Board","Government","State",6,6
29951,"The Trium Group","Consulting Services",,6,null
31232,"Beveridge & Diamond","Law Firm",,6,null
27108,"Philips Healthcare","Healthcare","Diversified",6,12
35329,"California Institute of Technology","Educational Services","College & Universities",6,null
27365,"Baker Hughes","Natural Resources","Oilfield Services",6,6
32514,"Blue Cross and Blue Shield of Minnesota","Insurance","Health",6,6
27366,"Ball Corporation","Industrial","Materials",6,6
40963,"Learfield Sports","Sports",,6,null
29188,"Randstad","Business Services","Staffing & Outsourcing",6,null
35588,"BMO Harris Bank","Finance","Personal & Commercial Banking",6,6
21849,"Havas","Advertising",,6,5
27624,"The Home Depot","Retail","Furniture & Home Improvement",6,6
27625,"Honeywell International Inc.","Industrial","Diversified",6,12
28678,"Parallon","Healthcare","Services",6,null
32518,"California State University, Northridge","Educational Services","College & Universities",6,null
30215,"Boston Scientific","Healthcare","Medical Devices ",6,6
35847,"California State University, Sacramento","Educational Services","College & Universities",6,null
27883,"Revlon","Cosmetics",,6,6
30217,"The Bon-Ton Stores","Retail","Department Store",6,null
27373,"Bausch & Lomb","Healthcare","Medical Devices ",6,null
27885,"Rite Aid Corporation","Pharmacies & Drug Stores",,6,null
27374,"Baxter International Inc.","Healthcare","Medical Devices ",6,12
29451,"Solstice Mobile","Technology","B2B Tech Services",6,null
31244,"Amdocs","Technology","B2B Tech Services",6,null
29454,"Astellas Pharma","Pharmaceutical",,6,null
27379,"Becton, Dickinson and Company","Healthcare","Medical Devices ",6,6
35345,"Alere Inc","Healthcare","Medical Devices ",6,12
27894,"Royal Bank of Scotland Group","Finance","Diversified",6,null
29203,"WebMD","Technology","Consumer Internet",6,6
27128,"NYU School of Medicine","Educational Services","College & Universities",6,8
29461,"CNA Financial","Insurance","Property & Casualty",6,6
37653,"British Airways","Transportation","Passenger Air",6,null
29974,"UF Health","Healthcare","Hospitals & Clinics",6,6
37142,"American Management Association","Nonprofit","Professional Development",6,6
35607,"Bard Medical","Healthcare","Medical Devices ",6,5
27389,"Blue Cross Blue Shield","Insurance","Health",6,6
30746,"FHI 360","Nonprofit","Development",6,6
29979,"Angie's List","Technology","Consumer Internet",6,6
27391,"Boeing","Aerospace",,6,12
31518,"Alcon","Pharmaceutical",,6,6
27650,"Ipreo Holdings LLC","Information Services","Financial",6,6
29727,"Princeton University","Educational Services","College & Universities",6,6
34847,"TracFone Wireless","Telecommunications",,6,null
28163,"University of Florida","Educational Services","College & Universities",6,18
27654,"J.B. Hunt Transport inc","Transportation","Freight & Logistics",6,6
27910,"Sears Holdings Corporation","Retail","General Merchandise",6,12
29987,"ServiceNow","Technology","Software",6,null
27655,"J.C. Penney Company, Inc.","Retail","Department Store",6,4
29220,"Joy Global Inc","Industrial","Equipment Manufacturing",6,6
33060,"Sterling Brands","Advertising",,6,null
29477,"Paychex Inc","Business Services","Staffing & Outsourcing ",6,null
31014,"Say Media","Advertising",,6,null
29992,"Cadence Design Systems","Technology","Manufacturing",6,6
30505,"University of Minnesota","Educational Services","College & Universities",6,6
35369,"Catholic Relief Services","Nonprofit","Humanitarian Aid Organization",6,6
27405,"C.H. Robinson Worldwide, Inc.","Transportation","Freight & Logistics",6,null
30250,"Athleta","Retail","Shoes, Accessories and Apparel",6,6
27919,"Shoprite","Retail","General Merchandise",6,0
29741,"Santander","Finance","Personal & Commercial Banking",6,6
21897,"Quintiles Transnational","Pharmaceutical",,6,null
29487,"INC Research ","Pharmaceutical",,6,6
30255,"Bard","Healthcare","Medical Devices ",6,6
27411,"Cameron International Corporation","Natural Resources","Oilfield Services",6,6
27923,"Sikorsky","Aerospace",,6,null
28976,"mylan","Pharmaceutical",,6,null
27412,"Campbell Soup Company","Consumer Packaged Goods","Packaged Foods",6,null
27157,"Cessna Aircraft Company","Aerospace",,6,null
28466,"hotwire","Technology","Consumer Internet",6,null
27158,"Yale University","Educational Services","College & Universities",6,26
32051,"Baylor University Medical Center","Healthcare","Hospitals & Clinics",6,6
27159,"Claire’s ","Retail","Shoes, Accessories and Apparel",6,6
21598,"Phillips Edison & Company","Real Estate","Development & Management",6,null
27418,"CarMax, Inc.","Automotive","Dealers",6,6
29239,"Seimens","Electronics","Manufacturing",6,6
27163,"Land O’Lakes, Inc.","Consumer Packaged Goods","Packaged Foods",6,null
28729,"FirstMerit Bank","Finance","Diversified",6,null
27165,"Macy's, Inc.","Retail","Department Store",6,6
32314,"AmTrust Financial Services","Insurance","Property & Casualty",6,4
32826,"CannonDesign","Industrial","Architecture & Design",6,6
35130,"Catholic Health Initiatives","Healthcare","Hospitals & Clinics",6,6
30267,"Appirio Inc.","Technology","B2B Tech Services",6,6
29756,"learnvest","Technology","Financial Services",6,null
27426,"Centene Corporation","Insurance","Health",6,6
29247,"Navy Federal Credit Union","Finance","Credit Unions",6,null
29503,"The College Board","Educational Services","Management",6,null
33599,"CH2M Hill","Industrial","Engineering",6,6
29248,"Perrigo","Pharmaceutical",,6,6
35393,"Boehringer Ingelheim","Pharmaceutical",,6,null
27941,"Starbucks Corporation","Hospitality","Restaurants",6,6
27431,"Cerner Corporation","Technology","B2B Tech Services",6,6
27943,"State Farm","Insurance","Property & Casualty",6,6
28996,"Tommy Hilfiger Corporation","Retail","Shoes, Accessories and Apparel",6,null
27176,"Allstate Insurance Group","Insurance","Property & Casualty",6,6
28741,"Regal Entertainment Group","Arts & Entertainment",,6,6
30789,"Hayneedle","Retail","Online",6,6
37957,"AkzoNobel Global","Natural Resources","Chemicals",6,6
27689,"King & Spalding","Law Firm",,6,null
27180,"Progressive Corporation","Insurance","Property & Casualty",6,12
27695,"Kraft Foods Group, Inc.","Consumer Packaged Goods","Packaged Foods",6,6
29261,"Dstillery","Advertising",,6,null
29774,"Corning Incorporated","Industrial","Materials",6,9
30798,"Ocwen","Finance","Diversified",6,6
31054,"Keurig","Industrial","Appliances & Furniture",6,6
27442,"CIGNA Corporation","Insurance","Health",6,null
27698,"L Brands, Inc.","Retail","Shoes, Accessories and Apparel",6,3
30288,"Alexander Mann Solutions","Business Services","Staffing & Outsourcing",6,6
31568,"American City Business Journals","Publishing",,6,6
27700,"Laboratory Corporation of America Holdings","Healthcare","Laboratory Testing",6,6
37201,"American University Washington D.C.","Educational Services","College & Universities",6,6
27190,"UPS","Transportation","Couriers & Delivery",6,12
29779,"Interbrand","Advertising",,6,6
30291,"Amerigroup","Insurance","Health",6,6
27959,"Target Corporation","Retail","General Merchandise",6,6
27460,"Comcast","Telecommunications",,5,null
27973,"The Gap, Inc.","Retail","Shoes, Accessories and Apparel",5,12
30060,"Ashland, Inc.","Natural Resources","Chemicals",5,null
30845,"Homeyer Consulting Services, Inc.","Natural Resources","Chemicals",5,3
35977,"1-800-GOT-JUNK?","Services","Waste Management",5,null
33173,"Bank of the West","Finance","Personal & Commercial Banking",5,6
27800,"Norfolk Southern Corporation","Transportation","Rail",5,4
21444,"NPD Group","Advertising","Market Research",5,7
30928,"PatientsLikeMe","Technology","Consumer Internet",5,7
38353,"Mount San Jacinto College","Educational Services","College & Universities",5,6
34776,"Banfield Pet Hospital","Healthcare","Animal Health",5,7
28382,"websense","Technology","Security",5,7
30185,"New Hampshire Department of Health and Human Services","Government","State",5,7
38641,"PC Connection","Technology","B2B Tech Services",5,1
27874,"Raytheon Company","Technology","Security",5,7
30984,"Straumann Group","Healthcare","Medical Devices ",5,7
28685,"Hologic","Healthcare","Medical Devices ",5,8
27382,"Berkshire Hathaway","Conglomerate",,5,0
27383,"Best Buy Co., Inc.","Retail","Electronics",5,7
35884,"Baptist Health South Florida","Healthcare","Hospitals & Clinics",5,7
27444,"Cisco Systems","Technology","Manufacturing",5,12
29796,"Carter's Inc.","Retail","Baby products",4,6
30052,"Discovery Education","Educational Services","E-Learning",4,null
41322,"Mercury Network, LLC","Technology","Software",4,6
30320,"Bio-Rad Laboratories","Healthcare","Biotechnology",4,8
30096,"domo","Technology","Software",4,null
33683,"Keen","Retail","Shoes, Accessories and Apparel",4,null
29845,"Home Shopping Network","Media","Television",4,8
33691,"Armstrong World Industries","Industrial","Building Materials Manufacturing",4,null
28032,"Verizon Communications","Telecommunications",,4,8
33700,"GovDelivery","Technology","Software",4,8
27797,"Nokia","Telecommunications",,4,null
33716,"American Institutes for Research","Nonprofit","Research",4,null
28066,"Winn Dixie","Retail","Supermarket Company",4,24
27813,"Ogilvy & Mather","Advertising",,4,null
29634,"APS Healthcare, Inc","Healthcare","Behavioral ",4,0
28617,"Massachusetts General Hospital","Healthcare","Hospitals & Clinics",4,8
29137,"Varian Medical Systems","Healthcare","Medical Devices ",4,null
36562,"Major League Baseball","Sports",,4,12
27061,"General assembly","Educational Services","Management",4,5
29654,"Moss Adams","Accounting Services",,4,null
27330,"American Electric Power Company, Inc.","Natural Resources","Electric Power Generation",4,null
29919,"Sensata","Electronics","Manufacturing",4,null
28905,"Red Hat","Technology","Software",4,12
34033,"Galvanize","Educational Services","Professional Training",4,8
29428,"Avvo","Technology","Consumer Internet",4,null
30964,"Sunday River Skiway","Hospitality","Resorts",4,4
31224,"Children's Healthcare of Atlanta","Healthcare","Hospitals & Clinics",4,6
27871,"Ralph Lauren","Retail","Shoes, Accessories and Apparel",4,8
33277,"Legal Assistance of Western New York","Nonprofit","Legal",4,20
30208,"Burns & McDonnell","Industrial","Engineering",4,8
39937,"Evergage","Technology","Software",4,null
27628,"Humana Inc.","Insurance","Health",4,12
31247,"Triage Consulting Group","Healthcare","Services",4,14
27898,"Saks Fifth Avenue","Retail","Department Store",4,6
27132,"Black Mountain Systems","Technology","Software",4,null
30745,"Edgewell","Consumer Packaged Goods","Packaged Products",4,12
27909,"Scripps Health","Healthcare","Hospitals & Clinics",4,8
37163,"Creighton University","Educational Services","College & Universities",4,null
29745,"Association of American Medical Colleges","Nonprofit","Medical",4,6
31800,"VSA Partners","Advertising",,4,null
33596,"City of Cincinnati, Ohio","Government","City",4,12
27425,"Cemex","Industrial","Building Materials Manufacturing",4,12
21610,"Edward Jones","Finance","Diversified",4,10
34370,"Lookout, Inc.","Technology","Security",4,null
30289,"Penguin Random House","Publishing",,4,null
29780,"Sinai Health System","Healthcare","Hospitals & Clinics",4,8
27719,"ManpowerGroup Inc.","Business Services","Staffing & Outsourcing",3,12
21658,"parexel","Pharmaceutical",,3,null
27730,"Massachusetts Mutual Life Insurance Company","Insurance","Life",3,10
29302,"The University of Texas at Austin","Educational Services","College & Universities",3,9
27482,"CVS Health","Pharmacies & Drug Stores",,3,12
30847,"Columbia sportswear","Retail","Shoes, Accessories and Apparel",3,6
27258,"George Mason University","Educational Services","College & Universities",3,6
30110,"Bloomberg Law","Information Services","Legal",3,null
31143,"CHI Health","Healthcare","Hospitals & Clinics",3,9
27799,"Nordstrom, Inc.","Retail","Department Store",3,9
27803,"Northrop Grumman Corporation","Defense & Space",,3,12
27551,"FedEx Corporation","Transportation","Couriers & Delivery",3,7
31439,"Nsight Telservices","Telecommunications",,3,9
31734,"American Councils for International Education","Nonprofit","Education",3,6
27867,"Qualcomm Incorporated","Telecommunications",,3,6
27869,"R.R. Donnelley & Sons Company","Printing",,3,9
28134,"Neustar, Inc.","Technology","B2B Tech Services",3,null
27887,"Robert Half International","Business Services","Staffing & Outsourcing",3,9
29969,"University of California Berkeley","Educational Services","College & Universities",3,6
27142,"University of Houston","Educational Services","College & Universities",3,6
31267,"Duke University","Educational Services","College & Universities",3,9
28167,"SanDisk","Technology","Manufacturing",3,12
29736,"Baylor University","Educational Services","College & Universities",3,9
34856,"2U","Educational Services","E-Learning",3,null
31020,"Research Square","Educational Services","Management",3,null
27922,"Siemens","Conglomerate",,3,6
27414,"Capgemini","Consulting Services",,3,null
28723,"DeVry","Educational Services","College & Universities",3,9
31285,"Sleep number","Retail","Furniture & Home Improvement",3,9
30520,"WellStar Health System","Healthcare","Hospitals & Clinics",3,52
27940,"Staples, Inc.","Retail","Stationary & Office Supplies",3,6
27435,"Chevron","Natural Resources","Oil & Gas",3,26
27697,"The Kroger Company","Retail","Supermarket Company",3,6
39767,"Cutters Studios","Design",,2,10
27708,"Liberty Mutual Group","Insurance","Property & Casualty",2,10
30299,"Aerotek Staffing Agency","Business Services","Staffing & Outsourcing",2,null
32352,"The State of Massachusetts","Government","State",2,8
30314,"Advent Software","Technology","Software",2,11
30844,"a9","Technology","Software",2,null
21248,"Chipotle Mexican Grill","Hospitality","Restaurants",2,10
41091,"William Morris Endeavor","Arts & Entertainment",,2,null
34444,"One Kings Lane","Retail","Furniture & Home Improvement",2,5
28821,"LeadPages","Technology","Software",2,0
28291,"constant contact","Advertising",,2,10
27783,"New York Mercantile Exchange","Information Services","Financial",2,10
29366,"AEGON","Finance","Diversified",2,null
42935,"Handpick, Inc.","Technology","Consumer Internet",2,0
28318,"SC johnson","Consumer Packaged Goods","Packaged Products",2,null
36544,"QVC","Retail","Online",2,6
35010,"TechTarget","Technology","B2B Tech Services",2,0
28386,"AKQA","Advertising",,2,0
41717,"Institute for Sustainable Communities","Nonprofit","Civic & Social",2,12
30456,"CME Group","Finance","Diversified",2,10
37132,"Orbital ATK","Defense & Space",,2,null
30990,"U.S. Department of Veterans Affairs","Government","Federal",2,16
27149,"Intouch Solutions","Advertising",,2,null
27670,"Jones Lang LaSalle","Real Estate","Development & Management",2,12
32312,"Care Dimensions","Healthcare","Hospitals & Clinics",2,6
37461,"Boston Beer Company","Consumer Packaged Goods","Beverages",1,null
27968,"TGI Fridays","Hospitality","Restaurants",1,null
35170,"Association Management Center","Business Services","Other",1,null
27727,"Martha Stewart Living Omnimedia","Media","Diversified",1,6
28259,"International Institute for Sustainable Development","Nonprofit","Public Policy",1,4
21371,"Tesla Motors","Automotive","Manufacturers",1,null
28056,"Western Digital Corporation","Technology","Manufacturing",1,12
28086,"Schoolzilla","Technology","B2B Tech Services",1,null
30931,"Harrison and Star","Advertising",,1,null
32475,"Benco Dental","Healthcare","Medical Devices ",1,null
30173,"CubeSmart","Real Estate","Other",1,11
27855,"Princeton Review","Educational Services","Management",1,null
21822,"Meredith Corporation","Media","Diversified",1,null
29961,"Alaska Airlines","Transportation","Passenger Air",1,12
28143,"Equinix Inc","Technology","B2B Tech Services",1,null
27637,"Ikea","Retail","Furniture & Home Improvement",1,8
30228,"Carlson Wagonlit Travel","Leisure, Travel & Tourism",,1,null
32045,"Coupa","Technology","Software",1,10
27416,"Cardinal Health","Pharmaceutical",,1,11
27685,"Ketchum","Public Relations",,1,null
33109,"Xanterra Parks and Resorts","Hospitality","Resorts",0,6
30294,"Ahold","Retail","Supermarket Company",0,8
27962,"Tenet Healthcare Corporation","Healthcare","Diversified",0,12
1484,"United States Department of State","Government","Federal",0,12
30296,"Air Liquide","Natural Resources","Chemicals",0,12
35930,"Alsco, Inc.","Textiles",,0,null
35163,"Argento SC","Retail","Crafts, Fabrics & Party Supplies",0,null
28765,"OWNZONES","Technology","Consumer Internet",0,12
33118,"State of North Carolina","Government","State",0,null
30815,"Heartland Dental","Healthcare","Services",0,12
36962,"SEPTA","Transportation","Rail",0,12
30051,"KaBOOM!","Nonprofit","Development",0,12
30563,"U.S. Department of Agriculture","Government","Federal",0,12
35174,"Federal Trade Commission","Government","Federal",0,12
28234,"Progress Software","Technology","Software",0,12
27723,"Marriott International, Inc.","Hospitality","Hotels",0,12
30826,"University of Tulsa","Educational Services","College & Universities",0,6
30317,"Carl's Jr.","Hospitality","Restaurants",0,null
31342,"University of Miami","Educational Services","College & Universities",0,12
11641,"Panera Bread","Hospitality","Restaurants",0,5
29296,"South Carolina Research Authority","Government","State",0,12
38000,"California Primary Care Association","Nonprofit","Healthcare",0,12
29041,"Greystar","Real Estate","Development & Management",0,12
36977,"AlliedBarton Security Services","Business Services","Security",0,4
30324,"The BNSF Railway","Transportation","Rail",0,null
33397,"Grady Health System","Healthcare","Hospitals & Clinics",0,null
33655,"Skyhook Wireless","Technology","B2B Tech Services ",0,null
30585,"American Red Cross","Nonprofit","Humanitarian Aid Organization",0,6
35449,"Everlast Worldwide Inc","Retail","Shoes, Accessories and Apparel",0,null
30843,"NC State University","Educational Services","College & Universities",0,null
27236,"Epic Systems","Technology","Software",0,9
28801,"Genesis Healthcare","Healthcare","Family Care",0,12
29057,"alorica","Business Services","Technology Solutions",0,12
28006,"U-Haul","Transportation","Rental",0,12
27495,"Delta Air Lines, Inc.","Transportation","Passenger Air",0,12
30852,"Casa Monica hotel","Hospitality","Hotels",0,12
37253,"Loyola Marymount University","Educational Services","College & Universities",0,null
29319,"YMCA","Nonprofit","Civic & Social",0,12
31880,"Boston University","Educational Services","College & Universities",0,8
27501,"DineEquity Inc.","Hospitality","Restaurants",0,null
43405,"OEConnection","N/A",,0,12
27505,"DISH Network Corporation","Media","Television",0,6
35729,"Banana Republic","Retail","Shoes, Accessories and Apparel",0,12
32146,"Baltimore County Public Schools","Educational Services","School",0,12
34453,"The Gettys Group","Industrial","Architecture & Design",0,6
30870,"Integral group","Industrial","Engineering",0,null
31640,"Turnaround for Children","Nonprofit","Education",0,12
32920,"Community Impact Newspaper","Media","News",0,12
27260,"Charles Schwab","Finance","Diversified",0,12
38553,"Druva","Technology","Software",0,12
28029,"Vanguard Group","Finance","Asset Management",0,0
31130,"Robert Graham","Retail","Shoes, Accessories and Apparel",0,12
30620,"Essendant","Wholesale",,0,null
31900,"Active Network","Technology","Software",0,12
35231,"F+W Media, Inc.","Media","Diversified",0,12
28292,"SSB","Technology","B2B Tech Services",0,8
31652,"University of Massachusetts Medical School","Educational Services","College & Universities",0,12
29351,"Steward Healthcare","Healthcare","Services",0,12
29607,"Babies","Retail","Department Store",0,12
30631,"Department of Social Health Services, Washington State","Government","State",0,12
31400,"Parsons Corporation","Industrial","Engineering",0,12
28044,"Walmart","Retail","General Merchandise",0,9
30377,"geek squad","Technology","B2B Tech Services",0,12
33961,"Texas Commission on Environmental Quality","Government","State",0,12
28301,"University of Dayton","Educational Services","College & Universities",0,12
31147,"Esurance Insurance","Insurance","Property & Casualty",0,12
32684,"Anne Arundel County, Maryland","Government","County",0,12
29613,"The Florida State University","Educational Services","College & Universities",0,12
32941,"University of Dubuque","Educational Services","College & Universities",0,12
28591,"JetBlue Airways","Transportation","Passenger Air",0,null
31669,"Precision for Medicine","Pharmaceutical",,0,12
32949,"University of California, Santa Cruz","Educational Services","College & Universities",0,6
33206,"Johnson, Mirmiran & Thompson (JMT)","Industrial","Engineering",0,null
21747,"IU Health","Healthcare","Hospitals & Clinics",0,null
28315,"DePaul University","Educational Services","College & Universities",0,12
27026,"Leprino Foods","Consumer Packaged Goods","Packaged Foods",0,12
28061,"Whole Foods Market, Inc.","Retail","Supermarket Company",0,16
31163,"Premier Staffing","Business Services","Staffing & Outsourcing",0,null
32443,"Food and Drug Administration","Government","Federal",0,null
31679,"Arkansas Department of Health","Government","State",0,12
32447,"Follett Corporation","Educational Services","Management",0,12
27300,"ABB NZ","Electronics","Manufacturing",0,52
27556,"First Data Corporation","Technology","B2B Tech Services",0,12
28867,"Social Security Administration","Government","Federal",0,12
39363,"State of Colorado","Government","State",0,null
28074,"Xerox Corporation","Business Services","Technology Solutions",0,12
21447,"Sentara Healthcare","Healthcare","Hospitals & Clinics",0,12
36041,"Bendix Commercial Vehicle Systems","Automotive","Parts Manufacturing",0,12
29647,"Billabong","Retail","Shoes, Accessories and Apparel",0,14
31183,"Financial recovery technologies","Technology","Financial Services",0,null
29393,"Sharp Microelectronics of the Americas","Technology","Manufacturing",0,12
38097,"CAPS","Business Services","Other",0,null
33236,"Eastern Maine Community College","Educational Services","College & Universities",0,null
27578,"Geico","Insurance","Property & Casualty",0,12
28091,"Planned Parenthood","Nonprofit","Healthcare",0,null
35545,"Spotsylvania County, Virginia","Government","County",0,12
27840,"Pacific Gas and Electric Company","Natural Resources","Electric Power Generation",0,24
30430,"ADT Corporation","Technology","Security",0,12
28099,"LivingSocial","Technology","Consumer Internet",0,null
30433,"Airgas Inc","Natural Resources","Energy Distributor",0,12
29414,"Gorilla Group","Technology","B2B Tech Services",0,12
32742,"Beth Israel Deaconess Medical Center","Healthcare","Hospitals & Clinics",0,12
28907,"TD Bank","Finance","Personal & Commercial Banking",0,6
32236,"SS&C Technologies","Technology","Software",0,12
28112,"Providence Health & Services","Healthcare","Hospitals & Clinics",0,12
29421,"La-Z-Boy","Industrial","Appliances & Furniture",0,null
32494,"Cardon Outreach","Healthcare","Services",0,null
31218,"Curtiss-Wright","Industrial","Diversified",0,12
27094,"University of Kansas Medical Center","Healthcare","Hospitals & Clinics",0,null
34037,"America's Best Contacts & Eyeglasses","Retail","Shoes, Accessories and Apparel",0,12
43768,"COPE Health Solutions","N/A",,0,null
28923,"STEPS to End Family Violence","Nonprofit","Family Care",0,12
28668,"Kate Somerville","Cosmetics",,0,null
33534,"Boston Public Library","Nonprofit","Libraries",0,12
27106,"Popeyes Louisiana Kitchen","Hospitality","Restaurants",0,12
30465,"Payless ShoeSource","Retail","Shoes, Accessories and Apparel",0,12
36354,"Ashoka","Nonprofit","Civic & Social ",0,null
30723,"RTI International","Nonprofit","Research",0,32
29957,"overstock.com","Retail","Online",0,12
33029,"State of Washington","Government","State",0,12
30214,"Centers for Disease Control & Prevention","Government","Federal",0,12
29704,"HDR","Industrial","Diversified",0,12
37128,"Jenny Craig Inc.","Wellness & Fitness",,0,12
30729,"Lahey Health","Healthcare","Hospitals & Clinics",0,12
28940,"Pet Supplies Plus","Retail","General Merchandise",0,12
21548,"Visiting Nurse Service of New York","Healthcare","Family Care",0,6
28150,"Stericycle","Healthcare","Services",0,null
30995,"United States Department of Defense","Government","Federal",0,12
31000,"Elie Tahari","Retail","Shoes, Accessories and Apparel",0,12
28162,"Infosys Ltd.","Technology","B2B Tech Services",0,12
37151,"Onward Search","Business Services","Staffing & Outsourcing",0,null
32034,"Renown Regional Medical Center","Healthcare","Hospitals & Clinics",0,12
32802,"Texas Children's Hospital","Healthcare","Hospitals & Clinics",0,null
27912,"Sempra Energy","Natural Resources","Electric & Gas Utility",0,18
29733,"Jhpiego","Nonprofit","Healthcare",0,12
28454,"Spacex","Aerospace",,0,12
42535,"Legacy.com","Business Services","Technology Solutions",0,null
27660,"Jacobs Engineering Group Inc.","Industrial","Engineering",0,12
30762,"Advanced Bionics Corporation","Healthcare","Medical Devices ",0,12
21585,"Univar","Natural Resources","Chemicals",0,12
37423,"Atlas Travel","Leisure, Travel & Tourism",,0,null
30256,"Ball Aerospace","Aerospace",,0,null
30768,"University of Washington","Educational Services","College & Universities",0,null
30513,"Bright Horizons Family Solutions","Services","Daycare",0,null
30258,"Ashland University","Educational Services","College & Universities",0,12
34866,"Fairfax County Public Schools","Educational Services","School",0,6
28979,"sac wireless","Telecommunications",,0,null
31797,"YWCA","Nonprofit","Civic & Social",0,6
41527,"Lutheran Family Services Rocky Mountains","Nonprofit","Family Care",0,null
27931,"Sodexo","Business Services","Food & Hospitality",0,12
37176,"Colorado Public Radio","Media","Diversified ",0,null
39739,"Norwegian Cruise Line","Leisure, Travel & Tourism",,0,12
29759,"ARES Corporation","Technology","Security",0,12
28736,"menards","Retail","Furniture & Home Improvement",0,null
30787,"UT Southwestern Medical Center","Healthcare","Hospitals & Clinics",0,12
29764,"Weis Markets","Retail","Supermarket Company",0,12
30790,"ASICS","Retail","Shoes, Accessories and Apparel",0,17
32586,"Benefitfocus","Technology","Software",0,null
30284,"Alpine Access","Business Services","Staffing & Outsourcing",0,6
38989,"Lawrence & Russell PLC","Law Firm",,0,8
31055,"Gucci","Retail","Shoes, Accessories and Apparel",0,null
38737,"Tuacahn Center For The Arts","Nonprofit","Museums",0,12
39505,"The Field Museum","Nonprofit","Museums",0,null
31315,"Culver's","Hospitality","Restaurants",0,12
30036,"Compass Group USA","Business Services","Food & Hospitality",0,null
34900,"American Chemical Society","Nonprofit","Science & Technology",0,null
27448,"City of New York","Government","City",null,12
29525,"datalot","Technology","B2B Tech Services",null,12
30042,"Domino's Pizza","Hospitality","Restaurants",null,12
27967,"Textron Inc.","Conglomerate",,null,6
29534,"KFC","Hospitality","Restaurants",null,6
30302,"Aerojet Rocketdyne","Defense & Space",,null,12
27970,"The Chubb Corporation","Insurance","Property & Casualty",null,12
38751,"Teladoc","Healthcare","Services",null,2
31841,"Advocate Health Care","Healthcare","Hospitals & Clinics",null,12
27464,"Conde Nast","Media","Diversified",null,12
27721,"Marathon Petroleum","Natural Resources","Oil & Gas",null,12
32102,"Baptist Health Kentucky","Healthcare","Hospitals & Clinics",null,12
27982,"Thermo Fisher Scientific Inc.","Healthcare","Biotechnology",null,6
27217,"University of Pennsylvania","Educational Services","College & Universities",null,12
33646,"Barnabas Health","Healthcare","Hospitals & Clinics",null,12
27992,"Toyota","Automotive","Manufacturers",null,12
27226,"ACLU","Nonprofit","Civic & Social ",null,12
28252,"Bessemer Trust","Finance","Asset Management",null,12
28253,"Huntington Ingalls","Maritime",,null,12
30080,"Centura Health","Healthcare","Hospitals & Clinics",null,12
27749,"Micron Technology, Inc.","Technology","Manufacturing",null,12
31363,"Berntson Porter & Company","Accounting Services",,null,12
32133,"Banner Health","Healthcare","Hospitals & Clinics",null,12
31375,"Emory University","Educational Services","College & Universities",null,12
29591,"Concordia University Chicago","Educational Services","College & Universities",null,12
27518,"Dunkin Donuts","Hospitality","Restaurants",null,6
27519,"Dun & Bradstreet","Information Services","Financial",null,20
27776,"New York City Department of Education","Government","City",null,12
28573,"JBS","Natural Resources","Agriculture and Food Processing",null,12
41632,"VideoBlocks","Technology","Consumer Internet",null,52
34727,"Barrick Gold Corporation","Natural Resources","Metals & Mining",null,12
27534,"Entergy Corporation","Natural Resources","Diversified Energy",null,12
32429,"University of Pennsylvania Health System","Healthcare","Hospitals & Clinics",null,12
27537,"EOG Resources, Inc.","Natural Resources","Oil & Gas",null,20
34990,"Arizona Department of Transportation","Government","State",null,12
27539,"Equifax","Finance","Credit & Fund Services",null,12
28849,"food lion","Retail","Supermarket Company",null,12
28851,"Wegmans Food Market","Retail","Supermarket Company",null,12
30387,"Deluxe Corporation","Business Services","Other",null,12
27543,"Express Scripts Holding","Pharmacies & Drug Stores",,null,12
27021,"Webster University","Educational Services","College & Universities",null,12
28058,"Weyerhaeuser Company","Natural Resources","Agriculture and Food Processing",null,12
27804,"Northwestern Mutual Life Insurance Company, Inc.","Insurance","Life",null,12
32186,"Camp Gladiator","Wellness & Fitness",,null,12
29628,"Jo-Ann Stores","Retail","Crafts, Fabrics & Party Supplies",null,12
32702,"BayCare","Healthcare","Hospitals & Clinics",null,12
29890,"Texas Christian University","Educational Services","College & Universities",null,12
37058,"American Medical Association","Nonprofit","Medical",null,12
32708,"Atos","Technology","B2B Tech Services",null,12
28072,"Wynn Las Vegas","Hospitality","Casinos",null,12
32709,"Army Civilian Service","Government","Federal",null,12
33733,"Archdiocese of Newark","Nonprofit","Religious ",null,12
28073,"Xcel Energy Inc.","Natural Resources","Electric & Gas Utility",null,12
27563,"Flextronics","Electronics","Manufacturing",null,12
27308,"Adecco S.A.","Business Services","Staffing & Outsourcing",null,12
27310,"Advance Auto Parts","Automotive","Parts",null,12
27824,"Papa Johns","Hospitality","Restaurants",null,12
29646,"Delaware County Community College","Educational Services","College & Universities",null,12
27315,"Agilent Technologies","Healthcare","Biotechnology",null,12
27321,"Alcoa Inc.","Natural Resources","Metals & Mining",null,12
27577,"Gannett","Media","News",null,12
35031,"RPS Group","Natural Resources","Renewables & Environment",null,12
28888,"Standard Register","Printing",,null,12
37849,"Ex Libris Group","Technology","Software",null,12
27838,"Peter Kiewit Sons Inc.","Industrial","Construction Company",null,12
32477,"Chester County Intermediate Unit","Educational Services","Management",null,12
27329,"American Airlines Group, Inc.","Transportation","Passenger Air",null,9
27585,"Genworth Financial, Inc.","Insurance","Life",null,12
28102,"United States Postal Service","Government","State",null,12
32739,"American Cancer Society","Nonprofit","Medical",null,6
21808,"Premera Blue Cross","Insurance","Health",null,12
27336,"Amtrak","Transportation","Rail",null,12
27337,"Anadarko Petroleum Corporation","Natural Resources","Oil & Gas",null,12
28902,"Cumulus Media","Media","Diversified",null,12
29926,"baxalta","Healthcare","Biotechnology",null,12
35049,"Broward College","Educational Services","College & Universities",null,12
35817,"Castleton Commodities International","Finance","Diversified",null,12
28111,"Apria Healthcare","Healthcare","Services",null,12
28652,"Forest City","Real Estate","Development & Management",null,12
31212,"iCIMS, Inc.","Technology","Software",null,12
36589,"Black Twig Communications","Public Relations",,null,0
27858,"Proquest","Information Services","Diversified",null,13
29426,"ingles markets, inc","Retail","Supermarket Company",null,12
27864,"Publix Super Markets, Inc.","Retail","Supermarket Company",null,12
27609,"HCA Holdings, Inc.","Healthcare","Hospitals & Clinics",null,24
27098,"Level 3 Communications","Telecommunications",,null,12
35320,"Tennenbaum Capital Partners","Finance","Asset Management",null,12
36344,"Advocate Illinois Masonic Medical Center","Healthcare","Hospitals & Clinics",null,12
27357,"Avis Budget Group, Inc.","Transportation","Rental",null,12
27870,"Radio Shack","Retail","Electronics",null,12
40189,"Booker Software","Technology","Software",null,12
27619,"Hobby Lobby","Retail","Crafts, Fabrics & Party Supplies",null,12
29443,"Winston Salem State University","Educational Services","College & Universities",null,12
30468,"Cracker barrel","Hospitality","Restaurants",null,12
27881,"Rent-A-Center","Transportation","Rental",null,12
27626,"Hormel Foods Corporation","Consumer Packaged Goods","Packaged Foods",null,12
27372,"Barnes & Noble","Retail","Books",null,12
27117,"ON Semiconductor","Technology","Consumer Internet",null,12
29450,"ION Geophysical","Natural Resources","Oil & Gas",null,12
27632,"Hyundai Motors","Automotive","Manufacturers",null,12
21546,"virgin america","Transportation","Passenger Air",null,12
27892,"Ross Stores, Inc.","Retail","Discount Store",null,12
28694,"Fresenius","Healthcare","Diversified",null,12
43286,"Blusky Restoration Contractors","N/A",,null,12
30487,"Brookdale Senior Living","Services","Senior Living",null,12
27901,"Sams Club","Retail","Discount Store",null,12
21574,"ZocDoc","Healthcare","Telemedicine",null,7
27399,"Broadcom Corporation","Electronics","Manufacturing",null,12
27657,"Jabil Circuit, Inc.","Electronics","Manufacturing",null,12
27408,"Caesars Entertainment Corporation","Hospitality","Casinos",null,12
34861,"Apple Gold Group","Hospitality","Restaurants",null,12
27667,"Johnson Controls, Inc.","Automotive","Parts Manufacturing",null,12
27160,"Denny’s Restaurant","Hospitality","Restaurants",null,12
28725,"Kmart","Retail","Discount Store",null,12
38198,"BJs Wholesale Club","Retail","Discount Store",null,12
30779,"YP.com","Technology","Consumer Internet",null,12
27936,"Sprint Corporation","Telecommunications",,null,12
29250,"Moses Cone","Healthcare","Hospitals & Clinics",null,12
37703,"BAUER Hockey, Inc","Sporting Goods",,null,2
27436,"Chicago Bridge & Iron","Industrial","Engineering",null,12
27692,"Kohl's Corporation","Retail","Department Store",null,12
35916,"CARE International","Nonprofit","Humanitarian Aid Organization",null,12
27952,"SunTrust Banks, Inc.","Finance","Personal & Commercial Banking",null,12
27953,"Suntrust Robinson Humphrey","Finance","Diversified",null,12
30033,"HNTB","Industrial","Engineering",null,12
37969,"Clark Construction Group","Industrial","Construction Company",null,12
